fund_id,fund_name,method,rebalance_date,equity_capital_weight,crypto_capital_weight,equity_risk_contribution,crypto_risk_contribution,risk_contribution_sum,ex_ante_annualized_volatility,active_holdings,effective_holdings,top_5_weight,hhi,mean_filled_cells
combined_equal_weight,Combined Equal Weight,Equal Weight,2021-01-04,0.8333333333333334,0.16666666666666666,0.7673388315459991,0.23266116845400098,1.0,0.3551291766015064,60,60.000000000000014,0.08333333333333333,0.016666666666666663,0
combined_equal_weight,Combined Equal Weight,Equal Weight,2021-02-01,0.8333333333333334,0.16666666666666666,0.7581737630574412,0.24182623694255906,1.0,0.36055532478788294,60,60.000000000000014,0.08333333333333333,0.016666666666666663,0
combined_equal_weight,Combined Equal Weight,Equal Weight,2021-03-01,0.8333333333333334,0.16666666666666666,0.7504130558200611,0.24958694417993904,1.0,0.3575546486592636,60,60.000000000000014,0.08333333333333333,0.016666666666666663,0
combined_equal_weight,Combined Equal Weight,Equal Weight,2021-04-01,0.8333333333333334,0.16666666666666666,0.6834688781707985,0.3165311218292015,1.0,0.23383147783181976,60,60.000000000000014,0.08333333333333333,0.016666666666666663,0
combined_equal_weight,Combined Equal Weight,Equal Weight,2021-05-03,0.8333333333333334,0.16666666666666666,0.6080026570161448,0.39199734298385525,0.9999999999999999,0.20651582437923657,60,60.000000000000014,0.08333333333333333,0.016666666666666663,0
combined_equal_weight,Combined Equal Weight,Equal Weight,2021-06-01,0.8333333333333334,0.16666666666666666,0.4750642759010787,0.5249357240989213,1.0,0.22349902900223495,60,60.000000000000014,0.08333333333333333,0.016666666666666663,0
combined_equal_weight,Combined Equal Weight,Equal Weight,2021-07-01,0.8333333333333334,0.16666666666666666,0.38867584398232213,0.6113241560176779,1.0,0.21010673461575818,60,60.000000000000014,0.08333333333333333,0.016666666666666663,0
combined_equal_weight,Combined Equal Weight,Equal Weight,2021-08-02,0.8333333333333334,0.16666666666666666,0.38289528026809905,0.617104719731901,1.0,0.21098532241614654,60,60.000000000000014,0.08333333333333333,0.016666666666666663,0
combined_equal_weight,Combined Equal Weight,Equal Weight,2021-09-01,0.8333333333333334,0.16666666666666666,0.37640530417245044,0.6235946958275496,1.0,0.21216365392202227,60,60.000000000000014,0.08333333333333333,0.016666666666666663,0
combined_equal_weight,Combined Equal Weight,Equal Weight,2021-10-01,0.8333333333333334,0.16666666666666666,0.3463590307000813,0.6536409692999188,0.9999999999999999,0.2121546666128601,60,60.000000000000014,0.08333333333333333,0.016666666666666663,0
combined_equal_weight,Combined Equal Weight,Equal Weight,2021-11-01,0.8333333333333334,0.16666666666666666,0.32699210590263966,0.6730078940973604,1.0000000000000002,0.2117500732684036,60,60.000000000000014,0.08333333333333333,0.016666666666666663,0
combined_equal_weight,Combined Equal Weight,Equal Weight,2021-12-01,0.8333333333333334,0.16666666666666666,0.3087174377939635,0.6912825622060366,1.0,0.20740765918745957,60,60.000000000000014,0.08333333333333333,0.016666666666666663,0
combined_equal_weight,Combined Equal Weight,Equal Weight,2022-01-03,0.8333333333333334,0.16666666666666666,0.3331925529526292,0.6668074470473708,1.0,0.20886641996311245,60,60.000000000000014,0.08333333333333333,0.016666666666666663,0
combined_equal_weight,Combined Equal Weight,Equal Weight,2022-02-01,0.8333333333333334,0.16666666666666666,0.3390835400486658,0.6609164599513342,0.9999999999999999,0.2030794653452435,60,60.000000000000014,0.08333333333333333,0.016666666666666663,0
combined_equal_weight,Combined Equal Weight,Equal Weight,2022-03-01,0.8333333333333334,0.16666666666666666,0.3499829294861007,0.6500170705138992,1.0,0.20129736975977497,60,60.000000000000014,0.08333333333333333,0.016666666666666663,0
combined_equal_weight,Combined Equal Weight,Equal Weight,2022-04-01,0.8333333333333334,0.16666666666666666,0.36219193458055954,0.6378080654194405,1.0,0.20264900832765986,60,60.000000000000014,0.08333333333333333,0.016666666666666663,0
combined_equal_weight,Combined Equal Weight,Equal Weight,2022-05-02,0.8333333333333334,0.16666666666666666,0.4028785791485425,0.5971214208514575,1.0,0.20631663836319394,60,60.000000000000014,0.08333333333333333,0.016666666666666663,0
combined_equal_weight,Combined Equal Weight,Equal Weight,2022-06-01,0.8333333333333334,0.16666666666666666,0.5143426733603297,0.4856573266396704,1.0,0.19925877507866124,60,60.000000000000014,0.08333333333333333,0.016666666666666663,0
combined_equal_weight,Combined Equal Weight,Equal Weight,2022-07-01,0.8333333333333334,0.16666666666666666,0.557722396382008,0.4422776036179919,1.0,0.21410231534394214,60,60.000000000000014,0.08333333333333333,0.016666666666666663,0
combined_equal_weight,Combined Equal Weight,Equal Weight,2022-08-01,0.8333333333333334,0.16666666666666666,0.5561278106305295,0.44387218936947037,0.9999999999999997,0.21724064419025282,60,60.000000000000014,0.08333333333333333,0.016666666666666663,0
combined_equal_weight,Combined Equal Weight,Equal Weight,2022-09-01,0.8333333333333334,0.16666666666666666,0.5711802165015933,0.42881978349840677,1.0,0.219770780374649,60,60.000000000000014,0.08333333333333333,0.016666666666666663,0
combined_equal_weight,Combined Equal Weight,Equal Weight,2022-10-03,0.8333333333333334,0.16666666666666666,0.6055475543444336,0.39445244565556614,0.9999999999999999,0.22223595408172517,60,60.000000000000014,0.08333333333333333,0.016666666666666663,0
combined_equal_weight,Combined Equal Weight,Equal Weight,2022-11-01,0.8333333333333334,0.16666666666666666,0.6361588156343999,0.3638411843656001,1.0,0.22776788218173674,60,60.000000000000014,0.08333333333333333,0.016666666666666663,0
combined_equal_weight,Combined Equal Weight,Equal Weight,2022-12-01,0.8333333333333334,0.16666666666666666,0.633435505176265,0.36656449482373515,1.0,0.24136903546905958,60,60.000000000000014,0.08333333333333333,0.016666666666666663,0
combined_equal_weight,Combined Equal Weight,Equal Weight,2023-01-03,0.8333333333333334,0.16666666666666666,0.6418592652760569,0.3581407347239431,1.0,0.24075734011270764,60,60.000000000000014,0.08333333333333333,0.016666666666666663,0
combined_equal_weight,Combined Equal Weight,Equal Weight,2023-02-01,0.8333333333333334,0.16666666666666666,0.6477851975815709,0.3522148024184291,0.9999999999999999,0.2417259427723662,60,60.000000000000014,0.08333333333333333,0.016666666666666663,0
combined_equal_weight,Combined Equal Weight,Equal Weight,2023-03-01,0.8333333333333334,0.16666666666666666,0.649564049166869,0.35043595083313095,1.0,0.23852839090919714,60,60.000000000000014,0.08333333333333333,0.016666666666666663,0
combined_equal_weight,Combined Equal Weight,Equal Weight,2023-04-03,0.8333333333333334,0.16666666666666666,0.651036919977065,0.34896308002293497,1.0,0.2396470321034533,60,60.000000000000014,0.08333333333333333,0.016666666666666663,0
combined_equal_weight,Combined Equal Weight,Equal Weight,2023-05-01,0.8333333333333334,0.16666666666666666,0.6558308284200679,0.34416917157993204,0.9999999999999999,0.23519280002384563,60,60.000000000000014,0.08333333333333333,0.016666666666666663,0
combined_equal_weight,Combined Equal Weight,Equal Weight,2023-06-01,0.8333333333333334,0.16666666666666666,0.6704969592347453,0.3295030407652547,0.9999999999999999,0.21531355059318316,60,60.000000000000014,0.08333333333333333,0.016666666666666663,0
combined_equal_weight,Combined Equal Weight,Equal Weight,2023-07-03,0.8333333333333334,0.16666666666666666,0.667302974333614,0.33269702566638615,1.0,0.1993633295720624,60,60.000000000000014,0.08333333333333333,0.016666666666666663,0
combined_equal_weight,Combined Equal Weight,Equal Weight,2023-08-01,0.8333333333333334,0.16666666666666666,0.6616651309844037,0.33833486901559634,1.0000000000000002,0.19682926694513364,60,60.000000000000014,0.08333333333333333,0.016666666666666663,0
combined_equal_weight,Combined Equal Weight,Equal Weight,2023-09-01,0.8333333333333334,0.16666666666666666,0.6600971238259107,0.3399028761740894,1.0,0.1929155373558035,60,60.000000000000014,0.08333333333333333,0.016666666666666663,0
combined_equal_weight,Combined Equal Weight,Equal Weight,2023-10-02,0.8333333333333334,0.16666666666666666,0.6547276507464354,0.34527234925356454,1.0,0.18177696910752528,60,60.000000000000014,0.08333333333333333,0.016666666666666663,0
combined_equal_weight,Combined Equal Weight,Equal Weight,2023-11-01,0.8333333333333334,0.16666666666666666,0.6231045700545499,0.37689542994545,1.0,0.17090649144662562,60,60.000000000000014,0.08333333333333333,0.016666666666666663,0
combined_equal_weight,Combined Equal Weight,Equal Weight,2023-12-01,0.8333333333333334,0.16666666666666666,0.6506615351177585,0.3493384648822415,0.9999999999999998,0.15015392082234946,60,60.000000000000014,0.08333333333333333,0.016666666666666663,0
combined_max_sharpe,Combined Maximum Sharpe,Maximum Sharpe,2021-01-04,0.766795159556686,0.23320484044329678,0.5697470408916081,0.43025295910839195,1.0000000000000002,0.30295503370373966,11,9.770076236570445,0.5999999999999822,0.10235334666651758,0
combined_max_sharpe,Combined Maximum Sharpe,Maximum Sharpe,2021-02-01,0.7726353477018814,0.22736465229795383,0.5309511674399131,0.46904883256008684,0.9999999999999999,0.31805466418016404,14,10.67272861332719,0.5999999999999187,0.09369675143348868,0
combined_max_sharpe,Combined Maximum Sharpe,Maximum Sharpe,2021-03-01,0.7886027441566739,0.21139725584330982,0.5731643077942619,0.4268356922057381,1.0,0.31082929899775097,12,10.429370660395666,0.5980577296771357,0.09588306260869459,0
combined_max_sharpe,Combined Maximum Sharpe,Maximum Sharpe,2021-04-01,0.8761361246640978,0.12386387533557117,0.7276781331101275,0.2723218668898724,0.9999999999999999,0.16408798578909758,19,11.782033767079238,0.575947940183456,0.08487499015612647,0
combined_max_sharpe,Combined Maximum Sharpe,Maximum Sharpe,2021-05-03,0.9119011642205423,0.08809883577886551,0.7992532402048012,0.20074675979519885,1.0,0.13508155220237014,20,13.431719852057117,0.4936304925647565,0.07445062963004297,0
combined_max_sharpe,Combined Maximum Sharpe,Maximum Sharpe,2021-06-01,0.9660894062620459,0.033910593737891764,0.9221738097971363,0.07782619020286385,1.0000000000000002,0.1301438002669321,22,11.9392946471129,0.5330624222765733,0.08375704173125628,0
combined_max_sharpe,Combined Maximum Sharpe,Maximum Sharpe,2021-07-01,0.9783906716085944,0.02160932839131889,0.9506449015870198,0.04935509841298012,0.9999999999999999,0.10974530130705347,24,15.748283237421045,0.44637498247145324,0.06349898493213543,0
combined_max_sharpe,Combined Maximum Sharpe,Maximum Sharpe,2021-08-02,0.9759186272870708,0.02408137271291061,0.9504307784082853,0.049569221591714875,1.0,0.11066452496802205,24,13.7552233761093,0.5227547404320613,0.07269965544411629,0
combined_max_sharpe,Combined Maximum Sharpe,Maximum Sharpe,2021-09-01,0.9730954590716754,0.02690454092832428,0.9378219877410904,0.062178012258909635,1.0,0.11135536569224662,28,13.447856499449639,0.5175025674551725,0.07436129319501034,0
combined_max_sharpe,Combined Maximum Sharpe,Maximum Sharpe,2021-10-01,0.9819586191545105,0.01804138084546132,0.948296109356842,0.051703890643157814,0.9999999999999999,0.10586961610900233,26,13.964415470087635,0.48708500390931114,0.07161058779309754,0
combined_max_sharpe,Combined Maximum Sharpe,Maximum Sharpe,2021-11-01,0.9921705919456634,0.007829408054043956,0.9754478412487495,0.02455215875125061,1.0,0.09767206691032036,25,15.417513935191874,0.463290502986017,0.06486130022022613,0
combined_max_sharpe,Combined Maximum Sharpe,Maximum Sharpe,2021-12-01,0.9947954860534761,0.005204513946272144,0.9841336581887625,0.015866341811237562,1.0,0.10450223192830757,19,11.465991154683692,0.5636230994409054,0.08721444020925434,0
combined_max_sharpe,Combined Maximum Sharpe,Maximum Sharpe,2022-01-03,0.9975534818214101,0.0024465181785173354,0.9943135599049356,0.005686440095064185,0.9999999999999999,0.10704524570708737,19,11.118435994007774,0.56782374944627,0.08994070753646871,0
combined_max_sharpe,Combined Maximum Sharpe,Maximum Sharpe,2022-02-01,0.9951377282484856,0.004862271750916762,0.9859569192637838,0.01404308073621623,1.0,0.10771378121730255,21,11.755785849718006,0.5833855544562794,0.08506449613693734,0
combined_max_sharpe,Combined Maximum Sharpe,Maximum Sharpe,2022-03-01,0.9903935030372977,0.00960649696218408,0.9687116392635672,0.031288360736433006,1.0000000000000002,0.11518514041681634,18,11.206578248206961,0.5938905593507446,0.08923330367679347,0
combined_max_sharpe,Combined Maximum Sharpe,Maximum Sharpe,2022-04-01,0.990367531177811,0.009632468821875854,0.9670438971843485,0.03295610281565149,1.0,0.11097613572689483,18,11.757502952759538,0.5624025658455714,0.0850520730479847,0
combined_max_sharpe,Combined Maximum Sharpe,Maximum Sharpe,2022-05-02,0.9999999999994436,0.0,0.9999999999999999,0.0,0.9999999999999999,0.14753659028692237,13,8.99793243040494,0.5999999999995657,0.11113664252699842,0
combined_max_sharpe,Combined Maximum Sharpe,Maximum Sharpe,2022-06-01,0.9999999999970789,0.0,1.0,0.0,1.0,0.17447334921734503,11,9.342388650148104,0.5999999999984821,0.10703900655900749,0
combined_max_sharpe,Combined Maximum Sharpe,Maximum Sharpe,2022-07-01,0.9999999999998495,0.0,1.0,0.0,1.0,0.19885842575835155,9,8.561643835619256,0.5999999999998971,0.11679999999996157,0
combined_max_sharpe,Combined Maximum Sharpe,Maximum Sharpe,2022-08-01,0.9999999999999727,0.0,1.0,0.0,1.0,0.19892819940984172,11,8.889338830235697,0.5999999999999803,0.1124943057180649,0
combined_max_sharpe,Combined Maximum Sharpe,Maximum Sharpe,2022-09-01,0.9999999999997463,0.0,1.0,0.0,1.0,0.20109272293151553,10,9.296031748062163,0.5999999999997989,0.10757278235505796,0
combined_max_sharpe,Combined Maximum Sharpe,Maximum Sharpe,2022-10-03,0.939415647551203,0.060584352448797014,0.9224299863408942,0.07757001365910565,0.9999999999999998,0.23640782840454116,60,12.973077086051783,0.6,0.07708271471501286,0
combined_max_sharpe,Combined Maximum Sharpe,Maximum Sharpe,2022-11-01,0.9999999999998965,0.0,0.9999999999999999,0.0,1.0,0.21686413296734733,10,8.63102836863764,0.5999999999999162,0.11586104891436527,0
combined_max_sharpe,Combined Maximum Sharpe,Maximum Sharpe,2022-12-01,0.9999999999994337,0.0,1.0,0.0,1.0,0.1775804975335016,10,9.02020259890792,0.5999999999995491,0.11086225492552355,0
combined_max_sharpe,Combined Maximum Sharpe,Maximum Sharpe,2023-01-03,0.9999999999998036,0.0,1.0,0.0,1.0,0.2211570418892864,9,8.561643835618074,0.6,0.11679999999997767,0
combined_max_sharpe,Combined Maximum Sharpe,Maximum Sharpe,2023-02-01,0.999999999998497,0.0,1.0000000000000002,0.0,1.0,0.19224144313626743,12,9.093452608267146,0.5999999999995347,0.10996923204843762,0
combined_max_sharpe,Combined Maximum Sharpe,Maximum Sharpe,2023-03-01,0.9999999999957884,0.0,1.0,0.0,1.0,0.20891120932563503,13,9.870494635593184,0.599999999998195,0.10131204533499077,0
combined_max_sharpe,Combined Maximum Sharpe,Maximum Sharpe,2023-04-03,0.9999999999999262,0.0,1.0,0.0,0.9999999999999999,0.19580815900460616,10,8.614758761745588,0.5999999999999632,0.11607986104504364,0
combined_max_sharpe,Combined Maximum Sharpe,Maximum Sharpe,2023-05-01,0.9999999999999044,0.0,1.0,0.0,1.0,0.1954612412109903,14,10.526175533081267,0.5999999999999034,0.09500126583080795,0
combined_max_sharpe,Combined Maximum Sharpe,Maximum Sharpe,2023-06-01,0.8799999999997423,0.11999999999996719,0.761816146686091,0.23818385331390887,0.9999999999999999,0.2223091791181534,9,8.561643835621219,0.599999999999836,0.11679999999993478,0
combined_max_sharpe,Combined Maximum Sharpe,Maximum Sharpe,2023-07-03,0.9048623485183805,0.09513765148160955,0.8047058826480777,0.19529411735192218,0.9999999999999999,0.179419578423863,16,11.51758362561064,0.5814190490809366,0.08682376725065731,0
combined_max_sharpe,Combined Maximum Sharpe,Maximum Sharpe,2023-08-01,0.9120199257104091,0.08798007428931812,0.8181171280814581,0.18188287191854188,0.9999999999999999,0.18421125111437534,14,9.329565058981563,0.5999999999998216,0.1071861328666443,0
combined_max_sharpe,Combined Maximum Sharpe,Maximum Sharpe,2023-09-01,0.9371293386021616,0.06287066139781776,0.8751801090238442,0.12481989097615569,1.0,0.16723503000394144,12,10.131167518061831,0.5999999999999684,0.09870530698630749,0
combined_max_sharpe,Combined Maximum Sharpe,Maximum Sharpe,2023-10-02,0.9440597605156442,0.05594023948430123,0.9091717273625365,0.09082827263746336,0.9999999999999999,0.15711775676460465,16,10.564864559130207,0.5966763127275345,0.09465336677087782,0
combined_max_sharpe,Combined Maximum Sharpe,Maximum Sharpe,2023-11-01,0.9287663295633868,0.07123367043659201,0.8321651667012661,0.16783483329873397,1.0000000000000002,0.1562088377148801,14,10.448719379709734,0.5999999999999904,0.09570550836515815,0
combined_max_sharpe,Combined Maximum Sharpe,Maximum Sharpe,2023-12-01,0.8888672873026833,0.11113271269729941,0.8416253268279797,0.1583746731720202,1.0,0.14891683667286182,15,11.798241795062308,0.5243919819728229,0.08475839174770183,0
combined_min_variance,Combined Minimum Variance,Minimum Variance,2021-01-04,0.9999999999999999,0.0,1.0,0.0,1.0,0.23497216044649566,12,9.758287301414704,0.5898106250579028,0.10247699920200397,0
combined_min_variance,Combined Minimum Variance,Minimum Variance,2021-02-01,0.9999999999999994,0.0,1.0,0.0,1.0,0.23630189553578101,11,9.523229396684064,0.5894721235362304,0.10500639629117771,0
combined_min_variance,Combined Minimum Variance,Minimum Variance,2021-03-01,0.9999999999999994,0.0,1.0,0.0,1.0,0.23310626222911324,12,9.534956220435646,0.5999999999999996,0.10487725133512052,0
combined_min_variance,Combined Minimum Variance,Minimum Variance,2021-04-01,0.9835108155866278,0.016489184413372118,0.9830117083603425,0.016988291639657635,1.0,0.1418919193574752,16,10.49816863260067,0.5638317230800034,0.09525470917800202,0
combined_min_variance,Combined Minimum Variance,Minimum Variance,2021-05-03,0.983324027528532,0.016675972471467987,0.9828844610223602,0.01711553897763961,0.9999999999999999,0.1156641167363266,17,12.044662283094462,0.5218040697634406,0.08302432866080196,0
combined_min_variance,Combined Minimum Variance,Minimum Variance,2021-06-01,0.9952354696751293,0.004764530324870692,0.9951509235473927,0.004849076452607267,0.9999999999999999,0.11055372791970737,16,11.80962902797691,0.525748621100464,0.08467666491733217,0
combined_min_variance,Combined Minimum Variance,Minimum Variance,2021-07-01,0.9934293421570362,0.006570657842963845,0.9933454586527198,0.006654541347280029,0.9999999999999999,0.0989178917684022,21,12.768848990074469,0.540066902175592,0.07831559452048684,0
combined_min_variance,Combined Minimum Variance,Minimum Variance,2021-08-02,0.9937649565647227,0.006235043435277037,0.9936745599391469,0.0063254400608531575,1.0,0.0979609431820743,22,12.626351818806707,0.5365468742426212,0.07919944053123242,0
combined_min_variance,Combined Minimum Variance,Minimum Variance,2021-09-01,0.9935509047178254,0.006449095282174556,0.9934883772976661,0.0065116227023338,0.9999999999999999,0.09710828366144071,22,12.176646291161896,0.5589823294493504,0.08212441883327301,0
combined_min_variance,Combined Minimum Variance,Minimum Variance,2021-10-01,1.0,0.0,1.0000000000000002,0.0,1.0,0.09115527687526975,26,12.549134435297411,0.5409194843252517,0.07968677084112377,0
combined_min_variance,Combined Minimum Variance,Minimum Variance,2021-11-01,1.0000000000000002,0.0,1.0000000000000002,0.0,1.0000000000000002,0.08858198663615903,25,15.153570005329884,0.437589857515706,0.06599105027054848,0
combined_min_variance,Combined Minimum Variance,Minimum Variance,2021-12-01,1.0,0.0,0.9999999999999998,0.0,0.9999999999999998,0.08705965345783614,27,16.334483758889807,0.4364581895671401,0.061220177800584884,0
combined_min_variance,Combined Minimum Variance,Minimum Variance,2022-01-03,1.0,0.0,1.0,0.0,0.9999999999999999,0.09061411643053759,27,16.5922682412484,0.4197356049713835,0.0602690352795767,0
combined_min_variance,Combined Minimum Variance,Minimum Variance,2022-02-01,1.0,0.0,0.9999999999999999,0.0,0.9999999999999999,0.09037887874242392,29,17.974644112394067,0.4002555801597718,0.05563392486366222,0
combined_min_variance,Combined Minimum Variance,Minimum Variance,2022-03-01,1.0,0.0,1.0,0.0,1.0,0.09048120921629835,25,14.576257101243407,0.47441454403425437,0.06860471745621834,0
combined_min_variance,Combined Minimum Variance,Minimum Variance,2022-04-01,0.9997510469539458,0.00024895304605420667,0.9997503720927933,0.0002496279072067642,0.9999999999999999,0.08974612174078435,26,14.8925954032502,0.47323256677004233,0.06714746307965618,0
combined_min_variance,Combined Minimum Variance,Minimum Variance,2022-05-02,0.9999999999999999,0.0,0.9999999999999999,0.0,1.0,0.09832524562932522,19,13.240064428716465,0.5059715578487143,0.07552833336906528,0
combined_min_variance,Combined Minimum Variance,Minimum Variance,2022-06-01,0.9917158170492656,0.0082841829507344,0.9916151267543313,0.008384873245668719,1.0,0.1042155234191863,22,13.18983025142912,0.4885560494648973,0.07581598708532658,0
combined_min_variance,Combined Minimum Variance,Minimum Variance,2022-07-01,0.9999999999999999,0.0,0.9999999999999999,0.0,1.0,0.11337844384355943,19,13.231113960579819,0.5148079951969107,0.07557942611478932,0
combined_min_variance,Combined Minimum Variance,Minimum Variance,2022-08-01,1.0,0.0,1.0,0.0,1.0,0.1153751610783054,20,12.928079996392308,0.5218593099780175,0.07735100651288193,0
combined_min_variance,Combined Minimum Variance,Minimum Variance,2022-09-01,1.0,0.0,1.0,0.0,1.0,0.11814866343613988,18,12.617998757485339,0.5258627438071348,0.07925187022282539,0
combined_min_variance,Combined Minimum Variance,Minimum Variance,2022-10-03,0.9999999999999998,0.0,1.0,0.0,1.0,0.1268380848885013,17,12.000644741726248,0.507319348565982,0.08332885620078391,0
combined_min_variance,Combined Minimum Variance,Minimum Variance,2022-11-01,0.9926516349188873,0.007348365081112683,0.992566341670258,0.007433658329742033,1.0,0.13610609908607346,18,11.300226034697685,0.5523789077087581,0.08849380507340913,0
combined_min_variance,Combined Minimum Variance,Minimum Variance,2022-12-01,0.9999999999999999,0.0,1.0,0.0,1.0,0.1375224638577195,16,10.791639510963925,0.5795472003496382,0.09266432584076176,0
combined_min_variance,Combined Minimum Variance,Minimum Variance,2023-01-03,0.9980002096588634,0.0019997903411363813,0.9979437277670197,0.0020562722329801634,0.9999999999999999,0.13799776750077328,16,10.714624752024841,0.5890284014410957,0.09333038003136981,0
combined_min_variance,Combined Minimum Variance,Minimum Variance,2023-02-01,0.9962694824662575,0.0037305175337424873,0.9961533880132846,0.0038466119867154184,1.0,0.13953082814915826,16,10.997559457616394,0.5728972112899857,0.09092926515686596,0
combined_min_variance,Combined Minimum Variance,Minimum Variance,2023-03-01,0.9999999999999999,0.0,0.9999999999999999,0.0,0.9999999999999999,0.13920391090476478,15,10.577985671264798,0.5684553875397861,0.09453595713563025,0
combined_min_variance,Combined Minimum Variance,Minimum Variance,2023-04-03,1.0,0.0,1.0000000000000002,0.0,1.0000000000000002,0.14075342221802253,16,10.402946554506848,0.5829946475727427,0.09612661131732644,0
combined_min_variance,Combined Minimum Variance,Minimum Variance,2023-05-01,1.0,0.0,1.0,0.0,1.0,0.14022332896485645,17,10.143279203647793,0.599034622366699,0.0985874469116825,0
combined_min_variance,Combined Minimum Variance,Minimum Variance,2023-06-01,1.0000000000000002,0.0,0.9999999999999998,0.0,0.9999999999999999,0.1315196624959422,16,9.655932332615896,0.6,0.10356327753273403,0
combined_min_variance,Combined Minimum Variance,Minimum Variance,2023-07-03,0.9697487652577619,0.030251234742237943,0.9683820345759923,0.03161796542400791,1.0000000000000002,0.12259304971097888,17,10.095158903708155,0.5999999999999999,0.0990573808236619,0
combined_min_variance,Combined Minimum Variance,Minimum Variance,2023-08-01,0.972966154945675,0.02703384505432504,0.971953619194767,0.02804638080523305,0.9999999999999999,0.12145559788626062,17,10.30238913893354,0.5941934309231056,0.09706486393732898,0
combined_min_variance,Combined Minimum Variance,Minimum Variance,2023-09-01,0.973786286896145,0.02621371310385495,0.9726964685624555,0.027303531437544413,0.9999999999999999,0.12005491545168961,18,10.836014998843424,0.5962708376333443,0.09228484826818109,0
combined_min_variance,Combined Minimum Variance,Minimum Variance,2023-10-02,0.9712771317486355,0.028722868251364525,0.970248951462796,0.029751048537204082,1.0,0.11324743054285402,18,11.144418242902448,0.5657674029350959,0.08973101854256686,0
combined_min_variance,Combined Minimum Variance,Minimum Variance,2023-11-01,0.9904374313734372,0.009562568626562764,0.9901687952963598,0.009831204703640207,1.0000000000000002,0.10262972240721357,24,11.991342454235456,0.5596796226986034,0.08339349858587272,0
combined_min_variance,Combined Minimum Variance,Minimum Variance,2023-12-01,0.9710420307820311,0.028957969217968862,0.9702937928618195,0.029706207138180462,1.0,0.09670144255047508,25,12.84857952684004,0.533397374887054,0.07782961516571152,0
combined_risk_parity,Combined Risk Parity,Risk Parity,2021-01-04,0.8818883556334037,0.11811164436659631,0.8333334139717226,0.1666665860282774,0.9999999999999999,0.3213715490673388,60,53.92117180257995,0.15196043251810706,0.01854559102797824,0
combined_risk_parity,Combined Risk Parity,Risk Parity,2021-02-01,0.8853112853631261,0.11468871463687401,0.8333331658999826,0.16666683410001737,1.0,0.3245160625153159,60,53.834636574933306,0.1514704533459235,0.018575401704590013,0
combined_risk_parity,Combined Risk Parity,Risk Parity,2021-03-01,0.8884238334085229,0.11157616659147715,0.8333333267424772,0.1666666732575228,0.9999999999999999,0.32048837170356154,60,53.79046672582629,0.1500536415053114,0.01859065482917389,0
combined_risk_parity,Combined Risk Parity,Risk Parity,2021-04-01,0.9079496382276387,0.09205036177236124,0.8333331305154388,0.16666686948456125,1.0,0.19313463322739774,60,51.031989808501386,0.16101469971555143,0.01959555180490749,0
combined_risk_parity,Combined Risk Parity,Risk Parity,2021-05-03,0.9233856443885756,0.0766143556114242,0.8333330739785548,0.16666692602144514,1.0,0.15762121631427642,60,49.75929400019912,0.15792478940302013,0.020096748157158305,0
combined_risk_parity,Combined Risk Parity,Risk Parity,2021-06-01,0.9436359547968883,0.056364045203111654,0.8333336470987066,0.16666635290129342,1.0,0.150932202581282,60,48.83917578369239,0.15889078036692011,0.0204753660141395,0
combined_risk_parity,Combined Risk Parity,Risk Parity,2021-07-01,0.9509387024856534,0.04906129751434669,0.8333335086500635,0.1666664913499366,1.0,0.13088120280269933,60,48.85724688935114,0.1570856463257008,0.020467792674948262,0
combined_risk_parity,Combined Risk Parity,Risk Parity,2021-08-02,0.9521103971246503,0.047889602875349685,0.8333334925273516,0.16666650747264866,1.0000000000000002,0.12935825178996269,60,48.67014117129323,0.1554008407746324,0.020546478311631096,0
combined_risk_parity,Combined Risk Parity,Risk Parity,2021-09-01,0.9531124654997918,0.0468875345002082,0.833333473831725,0.166666526168275,0.9999999999999999,0.12786511773921913,60,48.287981841197876,0.1566151816113993,0.020709086647867102,0
combined_risk_parity,Combined Risk Parity,Risk Parity,2021-10-01,0.9587937300566468,0.041206269943353316,0.8333335875898878,0.16666641241011215,1.0,0.11911698448872657,60,47.545652928004195,0.15866646642301252,0.02103241702273488,0
combined_risk_parity,Combined Risk Parity,Risk Parity,2021-11-01,0.9619290594339359,0.03807094056606392,0.8333333663185666,0.16666663368143345,1.0,0.11406957211257505,60,47.65414259793757,0.1534829361202047,0.02098453451228979,0
combined_risk_parity,Combined Risk Parity,Risk Parity,2021-12-01,0.9632875097155087,0.03671249028449142,0.8333332757000103,0.1666667242999898,1.0000000000000002,0.11113838552469488,60,48.38112232068699,0.14962516209163776,0.020669218737251492,0
combined_risk_parity,Combined Risk Parity,Risk Parity,2022-01-03,0.9618885904456894,0.03811140955431071,0.8333332138153452,0.16666678618465489,1.0,0.11520819144652908,60,48.223914366746484,0.1518742305385567,0.02073659953016101,0
combined_risk_parity,Combined Risk Parity,Risk Parity,2022-02-01,0.9610109853370623,0.0389890146629377,0.8333333637952495,0.16666663620475053,0.9999999999999999,0.11358997609730034,60,48.39693938350775,0.15628154997264881,0.020662463633821657,0
combined_risk_parity,Combined Risk Parity,Risk Parity,2022-03-01,0.9586378883383613,0.04136211166163885,0.8333334946803072,0.166666505319693,1.0,0.11597182480868588,60,48.61534940791797,0.1524102935592698,0.020569635149781117,0
combined_risk_parity,Combined Risk Parity,Risk Parity,2022-04-01,0.9578353058229051,0.04216469417709509,0.8333334524576429,0.16666654754235705,0.9999999999999999,0.11661971258620618,60,47.69695898938601,0.16117621031574442,0.02096569720980597,0
combined_risk_parity,Combined Risk Parity,Risk Parity,2022-05-02,0.953482032017849,0.046517967982151145,0.8333334974010953,0.16666650259890473,0.9999999999999998,0.12725822384800048,60,48.49889254531745,0.1558693239625395,0.020619027518321127,0
combined_risk_parity,Combined Risk Parity,Risk Parity,2022-06-01,0.9425656995380793,0.05743430046192076,0.8333337077317995,0.16666629226820043,1.0,0.13669266367185265,60,47.84599282755077,0.16525185388820668,0.020900391880345266,0
combined_risk_parity,Combined Risk Parity,Risk Parity,2022-07-01,0.9406343886383548,0.059365611361645164,0.8333333262678523,0.1666666737321478,1.0,0.15213201679722735,60,47.96411981536064,0.16770527888001105,0.020848917979721736,0
combined_risk_parity,Combined Risk Parity,Risk Parity,2022-08-01,0.9402319270225946,0.05976807297740541,0.8333334755923825,0.16666652440761762,1.0000000000000002,0.1544072281961906,60,48.04438201454619,0.16630060107629324,0.0208140881008155,0
combined_risk_parity,Combined Risk Parity,Risk Parity,2022-09-01,0.9381206859208314,0.06187931407916844,0.8333333294448572,0.1666666705551429,1.0000000000000002,0.1589511915483704,60,48.3237532180211,0.16339760225411776,0.02069375686711097,0
combined_risk_parity,Combined Risk Parity,Risk Parity,2022-10-03,0.9302794748334877,0.06972052516651223,0.8333334037128087,0.16666659628719144,1.0,0.1693902286056426,60,49.526940232500536,0.16128128434731412,0.020191031291365354,0
combined_risk_parity,Combined Risk Parity,Risk Parity,2022-11-01,0.9216576543537306,0.07834234564626949,0.8333335901313982,0.16666640986860165,0.9999999999999998,0.18122092866472114,60,50.38700838927067,0.16317650176061138,0.019846385645172347,0
combined_risk_parity,Combined Risk Parity,Risk Parity,2022-12-01,0.9243086087607217,0.07569139123927841,0.8333333097829658,0.16666669021703417,1.0,0.18925626126362352,60,49.45481884806138,0.1707237002291896,0.02022047645290687,0
combined_risk_parity,Combined Risk Parity,Risk Parity,2023-01-03,0.922300155807197,0.07769984419280318,0.8333334225692723,0.1666665774307275,1.0,0.19080185425805082,60,49.83004317353124,0.16834664302569963,0.020068214601330726,0
combined_risk_parity,Combined Risk Parity,Risk Parity,2023-02-01,0.9207617307097168,0.07923826929028338,0.8333335530655744,0.16666644693442553,1.0,0.1929851362194928,60,50.09188675401258,0.16673283412089537,0.019963312719896615,0
combined_risk_parity,Combined Risk Parity,Risk Parity,2023-03-01,0.9204451118182492,0.07955488818175081,0.8333336569560291,0.16666634304397093,1.0,0.19130033400694382,60,50.11746720115179,0.16784688769796813,0.019953123249153704,0
combined_risk_parity,Combined Risk Parity,Risk Parity,2023-04-03,0.920375998321156,0.07962400167884383,0.8333333347103075,0.1666666652896926,1.0000000000000002,0.19368599357591681,60,50.17549883991429,0.16910566238901958,0.019930046000947905,0
combined_risk_parity,Combined Risk Parity,Risk Parity,2023-05-01,0.9188139030524111,0.08118609694758883,0.8333336189775158,0.1666663810224841,0.9999999999999999,0.1917438300027149,60,50.378662321302706,0.16979427476288578,0.019849673530873968,0
combined_risk_parity,Combined Risk Parity,Risk Parity,2023-06-01,0.9128886347711452,0.08711136522885485,0.8333333887669645,0.16666661123303536,0.9999999999999998,0.17958928721715736,60,51.2898894428022,0.16490808156772638,0.019497019994850772,0
combined_risk_parity,Combined Risk Parity,Risk Parity,2023-07-03,0.9098575476586043,0.09014245234139569,0.8333334305313146,0.16666656946868555,1.0000000000000002,0.1659206266152426,60,50.91398527916539,0.16576521637012798,0.01964096887165523,0
combined_risk_parity,Combined Risk Parity,Risk Parity,2023-08-01,0.9115539800371943,0.08844601996280564,0.8333336426642937,0.1666663573357062,1.0,0.16394832488068042,60,51.104915098582815,0.16508847152767128,0.019567589498406795,0
combined_risk_parity,Combined Risk Parity,Risk Parity,2023-09-01,0.9116159354405251,0.08838406455947508,0.83333332640125,0.16666667359874998,0.9999999999999999,0.16117668167107965,60,51.38064118611462,0.16595148161750653,0.01946258312304295,0
combined_risk_parity,Combined Risk Parity,Risk Parity,2023-10-02,0.9122550188443351,0.08774498115566483,0.8333335486795701,0.16666645132042981,0.9999999999999999,0.15057656579705073,60,51.061641301766905,0.16791997364912392,0.019584172668679897,0
combined_risk_parity,Combined Risk Parity,Risk Parity,2023-11-01,0.9213144159991411,0.07868558400085894,0.833333177694973,0.16666682230502705,1.0000000000000002,0.13576098324432656,60,49.7366936573479,0.17420680758120935,0.020105880115178585,0
combined_risk_parity,Combined Risk Parity,Risk Parity,2023-12-01,0.9091751111986388,0.09082488880136125,0.8333333457397031,0.1666666542602971,1.0,0.12490715902003698,60,51.167085007109634,0.1719501515701935,0.019543814150465102,0
